id,name,actor,permission,precondition,main_flow,exceptions,postcondition,tables,test
UC01,Đăng nhập và MFA,Mọi người dùng,Không cần phiên; rate limit,"User hoạt động, thiết bị trỏ đúng server TLS",Nhập tài khoản; server kiểm tra hash; challenge MFA nếu đặc quyền; cấp phiên; tải policy/quyền/kho.,Sai mật khẩu không tiết lộ user tồn tại; user bị khóa từ chối; refresh bị phát lại thu hồi chuỗi.,"Token RAM/OS vault, không SQLite; audit đăng nhập.","app_user,auth_session,mfa_factor",T11
UC02,Cấp vai trò theo kho,SYSADMIN,role.manage,MFA; có yêu cầu cấp quyền được duyệt,Chọn user; role; scope; thời hạn; kiểm tra phân tách nhiệm vụ; ghi grant và audit; tăng auth_version.,Chặn tự nâng quyền nghiệp vụ; warehouse scope thiếu mã bị lỗi; cần người thứ hai duyệt ngoài hệ thống ở v1.,Quyền có hiệu lực server và thu hồi phiên/quyền cũ.,"user_role_grant,role_permission,audit_event",T07
UC03,Nhập danh mục hàng và quy cách,MASTER_DATA,master.write,UOM và nhóm đã có,Tạo SKU/base UOM/tracking; tạo quy đổi revision 1; barcode; validate; lưu và audit.,Barcode trùng; tỷ lệ <=0; đổi tracking khi có phát sinh đều chặn.,SKU tra được từ desktop khác; tồn không đổi.,"product,product_uom,barcode",T12
UC04,Tạo kho và vị trí,MASTER_DATA,warehouse.configure,Có mã kho chuẩn hóa,Tạo kho; nhóm vị trí; vị trí lá; cấu hình RECEIVING/QUARANTINE/STORAGE; duyệt cấu trúc.,"Chu kỳ cây, khác kho với cha, đổi kind khi có tồn/giữ chỗ bị chặn.","Cấu trúc hợp lệ, chưa cấp quyền tự động cho người tạo.","warehouse,location",T13
UC05,Lập và duyệt yêu cầu mua,BUYER + WAREHOUSE_MANAGER,"po.draft,document.approve","Có đối tác nhà cung cấp, SKU hoạt động",Tạo PO DRAFT; nhập dòng/UOM; submit version; người khác duyệt theo policy; APPROVED.,Sửa sau submit vô hiệu duyệt; thiếu role đúng bước bị từ chối.,"PO mở để nhận từng phần, không tăng tồn.","document,document_line,approval_request,approval_step",T14
UC06,Nhận hàng từng phần,RECEIVER,"receipt.draft,receipt.post","PO được duyệt, receipt được duyệt, được giao",Chọn dòng PO; lập receipt có source_line; quét SKU/lô/serial; nhập lượng; post vào nhận/cách ly; cập nhật tiến độ PO.,Nhận vượt remaining mặc định chặn; serial đang tồn chặn; timeout giữ execution_key và tra kết quả.,"Lượng thực nhận tăng đúng một lần, PO còn mở phần thiếu.","document_line,inventory_transaction,stock_move,stock_balance","T01,T02"
UC07,Kiểm tra và cất hàng,WAREHOUSE_MANAGER + RECEIVER,"quality.decide,move.post","Hàng ở RECEIVING/QUARANTINE, chưa giữ chỗ",Ghi quyết định đạt/không đạt và lượng; lập INTERNAL_MOVE tham chiếu quyết định; post hàng đạt tới STORAGE.,Tổng quyết định vượt lần nhận chặn; hàng không đạt ở cách ly; giữ chỗ khác không được di chuyển ngầm.,Tổng vật lý bảo toàn; chỉ hàng đạt/còn hạn tại STORAGE mới khả dụng.,"quality_decision,document,stock_move",T01
UC08,Lập yêu cầu bán và phiếu xuất,SELLER + PICKER,"so.draft,issue.draft",SKU và khách hàng hoạt động,Lập SO; duyệt; lập ISSUE từ dòng SO; nhập lượng từng phần; giao người soạn; duyệt ISSUE.,SO đóng hoặc lượng thực hiện vượt nhu cầu bị chặn khi post; bản nháp không chiếm tồn.,"ISSUE được duyệt, liên kết dòng SO.","document,document_line,document_assignment",T14
UC09,Giữ hàng theo lô/vị trí,PICKER,reservation.manage,ISSUE/TRANSFER/SUPPLIER_RETURN đã duyệt,Lấy đề xuất FEFO; người dùng xác nhận; khóa document/location/item/balance; kiểm tra expiry; tạo reservation và tăng reserved.,Thiếu hàng từ chối toàn lệnh mặc định; giữ từng phần chỉ khi request explicitly partial; hai máy không vượt tồn.,"Khả dụng giảm, on_hand giữ nguyên.","reservation,stock_balance,lot",T03
UC10,Soạn và đóng kiện,PICKER,pick.confirm,"Có reservation hiệu lực, task được giao",Quét vị trí; quét đúng SKU/lô/serial; ghi picked quantity; nhập kiện; xác nhận DONE.,Quét sai nguồn chặn; đổi nguồn phải release/reserve lại nguyên tử; không dedup hai scan khác UUID.,"Task DONE và kiện có dữ liệu, chưa giảm tồn.","pick_task,package,package_line",T15
UC11,Xuất hàng từng phần,PICKER,issue.post,"Đã soạn, phiếu APPROVED/PARTIAL, kỳ mở",Chọn lượng xuất; xác nhận online; khóa nguồn/giữ chỗ; post tới EXTERNAL; consume reservation; cập nhật ISSUE và SO.,Hết hạn/kho bị kiểm kê/quyền bị thu hồi chặn; timeout sau commit tra operation; không gửi key mới.,On_hand và reserved giảm đúng lượng xuất; phiếu PARTIAL/COMPLETED.,"stock_move,reservation_consumption,document_line","T02,T03"
UC12,Xuất chuyển kho,PICKER nguồn,transfer.dispatch,TRANSFER duyệt cho cả hai kho; có transit riêng,Giữ hàng; soạn; post DISPATCH từ nguồn tới TRANSIT của phiếu; lưu lượng đã gửi.,Kho nguồn hết hàng chặn; không post vào transit phiếu khác; retry không tăng transit hai lần.,"Nguồn giảm, transit tăng cùng transaction.","document,inventory_transaction,stock_move",T04
UC13,Nhận chuyển thiếu hoặc từng phần,RECEIVER đích,transfer.receive,Được giao và quyền kho đích; có hàng ở transit,Quét hàng tới; chọn lượng thực nhận; post ARRIVE từ transit tới receiving đích; phần thiếu để transit.,Nhận vượt đã gửi/chưa nhận chặn; mất hàng cần phiếu ADJUSTMENT được duyệt riêng.,Gửi 20 nhận 18 thì transit còn 2; tổng bảo toàn.,"document,stock_move,stock_balance",T04
UC14,Khách trả hàng,RECEIVER + WAREHOUSE_MANAGER,"return.draft,return.post","Có ISSUE gốc, hoặc ngoại lệ được duyệt",Lập CUSTOMER_RETURN tham chiếu từng dòng xuất; khóa dòng nguồn; kiểm tra tổng đã trả; nhận vào QUARANTINE; kiểm tra lại.,Trả vượt xuất hoặc serial không đúng nguồn chặn; thiếu nguồn cần return.unlinked và reason.,"Tăng hàng cách ly, chưa khả dụng; không sửa ISSUE gốc.","document_line,document_link,stock_move",T10
UC15,Trả nhà cung cấp,BUYER + WAREHOUSE_MANAGER,"return.draft,return.post",Có receipt gốc và hàng hiện hữu,Lập SUPPLIER_RETURN liên kết nguồn; chọn đúng lô/serial; duyệt; giữ hàng phù hợp; xuất tới EXTERNAL.,Hàng cách ly được trả khi quyền và policy cho phép; không dùng công thức khả dụng bán để chặn nhầm; vẫn kiểm tra lượng chưa bị giữ.,Giảm tồn; lưu nguồn trả; không xử lý công nợ.,"document_line,reservation,stock_move",T10
UC16,Mở phiên kiểm kê,WAREHOUSE_MANAGER,count.create,"Vị trí thuộc kho, không có active lock và reservation mở",Khóa row location; chặn luồng ghi liên quan; tạo active lock; chụp snapshot; giao người đếm; FROZEN.,Còn giữ chỗ phải release/hoàn tất rồi freeze; mọi post/reserve đồng thời phải chung cơ chế khóa row.,Snapshot nhất quán; vị trí khác vẫn làm việc.,"count_session,count_location_lock,count_line","T05,T16"
UC17,Đếm mù và đếm lại,RECEIVER/PICKER,count.enter,"Phiên FROZEN/COUNTED, người đếm được phân công",Quét vị trí và hàng; nhập số đếm; thêm hàng ngoài snapshot với snapshot 0; lưu observation; đếm lại nếu ngưỡng yêu cầu.,Không trả snapshot qua API đếm mù; quét trùng UUID trả kết quả cũ; số âm/serial phân số chặn.,"Lịch sử đếm append-only, chưa đổi tồn.","count_line,count_observation",T05
UC18,Duyệt kiểm kê và điều chỉnh,WAREHOUSE_MANAGER + CONTROLLER,"count.submit,adjustment.approve,adjustment.post","Đủ số đếm, khóa còn hiệu lực, policy duyệt",Chọn số đếm cuối; sinh ADJUSTMENT theo delta; người khác duyệt; post chênh lệch; cập nhật POSTED và mở khóa cùng transaction.,Người đếm/lập không được duyệt; không đủ người duyệt giữ chờ; failed post rollback và giữ khóa.,100 thành 98 tạo delta -2 có trace đầy đủ.,"count_session,document,approval_step,stock_move",T05
UC19,Hủy hoặc đóng phần còn lại,WAREHOUSE_MANAGER,document.cancel,Có phần chưa thực hiện,Nhập lý do; khóa phiếu/reservation; release phần chưa dùng; đóng remaining; giữ nguyên sổ đã post.,Không hủy mất lịch sử dispatch; hàng transit còn phải xử lý riêng; execution đang chạy gây 409.,Không còn reservation mồ côi; sổ cũ nguyên vẹn.,"document,reservation,audit_event",T17
UC20,Đảo lần ghi sổ sai,CONTROLLER,"adjustment.approve,adjustment.post","Có lần post gốc, chưa đảo, kỳ đích mở",Tạo REVERSAL link gốc; hoán đổi source/destination từng move với cùng lượng; duyệt; kiểm tra đủ tồn/serial; post REVERSE.,Có giao dịch tiếp theo làm thiếu nguồn đảo: chặn và dùng phiếu bù được duyệt; không đưa header về nháp.,Lịch sử gốc giữ nguyên; mỗi transaction đảo tối đa một lần.,"inventory_transaction,stock_move,document_link","T10,T18"
UC21,Khóa/mở kỳ,CONTROLLER/DIRECTOR,"period.close,period.reopen",Không overlap kỳ; đối soát đã hoàn tất,Khóa period row; kiểm tra việc dở dang; close; mở lại cần lý do và xác nhận kiểm soát; audit.,Post cạnh tranh phải chờ khóa; backdate vào CLOSED bị từ chối.,Ngày nghiệp vụ tách posted_at; báo cáo tái đối soát khi mở.,"stock_period,audit_event",T19
UC22,Import danh mục và đơn mở,MASTER_DATA/CONTROLLER,"import.validate,import.commit + quyền dữ liệu",CSV/XLSX đúng template version,Upload; hash; mapping; dry-run tất cả dòng và quan hệ; tải lỗi; chốt file; commit có revalidation và dedup.,File đổi sau validate phải chạy lại; quan hệ chưa tồn tại lỗi theo dòng; dữ liệu khác kho không được nạp.,Danh mục hoặc document DRAFT; không ghi balance từ spreadsheet.,"import_job,import_row,document","T12,T20"
UC23,Nạp tồn đầu kỳ,CONTROLLER + người duyệt,"opening.draft,opening.approve,opening.post","Cutover, tồn nguồn đã kiểm kê và ký",Nạp mẫu; dry-run; tạo OPENING theo kho; duyệt; post OPENING -> vị trí thật; đối soát theo SKU/lô/serial.,Trùng batch hoặc execution không nạp lại; không có cơ chế upsert số dư; không cộng thêm vào kho đang hoạt động.,"Ledger = balance, có phiếu mở đầu kỳ.","document,import_job,stock_move",T20
UC24,Tra cứu và xuất báo cáo,CONTROLLER/DIRECTOR/AUDITOR,"report.read,report.export,price.read nếu cần",Kho được cấp; bộ lọc hợp lệ,Chọn R01..R08; server scope; lọc cột giá; job xuất; kiểm tra lại quyền khi tải file.,Thu hồi quyền sau tạo job thì không tải; chuỗi nguy hiểm trong CSV được escape; không cộng kg và cái.,"Tệp có thời điểm, scope, đơn vị và nhãn giá quản trị.","stock_move,stock_balance,export_job","T07,T21"
UC25,Nháp và phục hồi sau mất LAN,Mọi nhân viên có quyền nghiệp vụ,Quyền lệnh tương ứng tại server,"Đã đăng nhập, app có cache tối thiểu",Lưu draft/scan vào SQLite riêng; khi online sync nháp; post chỉ khi xác nhận online; UNKNOWN dùng cùng key tra server.,Hết quyền/thiếu tồn/khác version => CONFLICT; không last-write-wins; không tự post các scan offline.,SYNCED khác POSTED; không báo thành công giả.,idempotency_record + local SQLite,"T02,T08"
UC26,In tem và in lại chứng từ,Nhân viên kho,"print.execute,document.read",Mẫu đã chốt và máy in được kiểm thử,"Sinh PDF theo mẫu, xem trước, gọi print adapter OS; ghi audit in/in lại.",Lỗi driver/mất máy in giữ file; không post lại vì in thất bại.,Bốn mẫu chứng từ và hai tem; quét lại được barcode.,"export_job,stored_file,audit_event",T22
UC27,Sao lưu và khôi phục,SYSADMIN,backup.operate,"Runbook, bản backup và khóa giải mã tách biệt",Base backup + WAL; kiểm tra thành công; khôi phục môi trường khác; đối chiếu ledger/balance/serial; thử client; đo RPO/RTO.,Thiếu WAL hoặc file đính kèm phải báo; sau phát sinh mới không restore mù snapshot cũ.,Bằng chứng restore; mục tiêu RPO 15 phút/RTO 4 giờ cần đo.,Toàn DB + stored_file,T09
UC28,Cập nhật app đa hệ điều hành,SYSADMIN + người dùng,config.manage,"Bộ cài riêng OS/arch, API tương thích",Build native từng target; kiểm tra checksum/ký gói theo chính sách; rollout pilot; migrate SQLite; theo dõi phiên bản.,Client quá cũ chặn ghi nhưng bảo toàn nháp; không dùng một executable cho ba OS.,Nâng cấp không mất pending operations; server hỗ trợ N/N-1 đã test.,client_release + local SQLite,T23
